Neighbourhood,Year ,Home price,Change in housing pricing,Low income population,Change in low income pop,Total Area,Total Population,Pop  25 - 34 years,Recent Immigrants,TTC Stops,Health Providers,Businesses,Social Housing Units,Rent Bank Applicants,Future_change_low_income_pop,Future_Change_housing_pricing 
Agincourt-North,2006,234855,0.38381178,29880,0.000368724,7.3,30160,3920,4265,90,17,295,77,2,-0.00050057,0.285052479
Agincourt-South-Malvern-West,2006,245759,0.364584837,21370,-0.038545021,7.9,21565,2850,3060,121,79,1399,170,12,0.013172078,0.307455678
Alderwood,2006,252745,0.433282296,11635,-0.012767123,5,11655,1370,290,56,12,312,85,4,-0.000418146,0.338412234
Annex,2006,592630,0.45799198,26020,0.1746581,2.8,27480,6760,1260,86,192,2322,1065,11,0.076460366,0.37270641
Banbury-Don-Mills,2006,410468,0.475760408,25000,0.056200068,10,25435,2790,2400,125,65,735,304,21,0.006207542,0.369329643
Bathurst-Manor,2006,308347,0.453390649,14430,-0.013386146,4.8,14945,1900,2145,60,44,259,385,9,-0.008679736,0.307617716
Bay-Street-Corridor,2006,563035,0.766678067,14930,0.013973343,1.8,15320,5060,1845,103,179,4194,520,6,0.194129806,0.576013925
Bayview-Village,2006,401024,0.366453363,15265,0.116360696,5.2,15370,2545,2020,44,128,433,122,5,-0.089356555,0.379969777
Bayview-Woods-Steeles,2006,379728,0.374357118,12945,-0.201575153,4.1,13295,1170,1695,45,10,95,170,4,-0.086017186,0.281351388
Bedford-Park-Nortown,2006,514824,0.437879143,21785,0.043075049,5.5,21960,2195,775,76,45,659,236,8,0.058287324,0.303086103
Beechborough-Greenbrook,2006,248970,0.419271353,6280,-0.036952627,1.8,6530,895,410,26,8,142,440,21,-0.007103482,0.291083263
Bendale,2006,217258,0.369796855,24800,0.706488304,7.4,25490,3550,2395,103,80,825,508,30,0.254831383,0.305010633
Birchcliffe-Cliffside,2006,287985,0.440825516,21170,-0.14166772,6,21655,2435,710,96,23,350,868,25,-0.068270375,0.340295502
Black-Creek,2006,178897,0.401399073,21550,-0.075434409,3.4,21715,2985,2765,85,34,343,1432,62,0.01163448,0.219383221
Blake-Jones,2006,300079,0.423990775,7685,0.02465122,0.9,11890,1895,355,21,10,139,1052,7,-0.005187215,0.393779638
Briar-Hill-Belgravia,2006,245574,0.375294717,14190,0.134736834,1.8,14200,2280,1940,31,35,467,328,12,0.009483571,0.332429329
Bridle-Path-Sunnybrook-York-Mills,2006,758799,0.647353441,7600,0.004259214,8.8,8210,425,145,73,7,58,0,1,0.068957012,0.266262871
Broadview-North,2006,318426,0.497995935,11355,-0.180086015,1.7,11590,2025,1300,36,10,128,238,11,-0.170770677,0.320231388
Brookhaven-Amesbury,2006,213308,0.380821989,17270,0.124336092,3.5,17325,2495,2085,66,42,429,589,42,0.009241447,0.323330583
Caledonia-Fairbank,2006,262130,0.430856232,10245,-0.044675629,1.5,10280,1585,780,35,1,96,294,9,-0.029386343,0.33565788
Casa-Loma,2006,683240,0.62277837,9760,0.101197311,1.9,9810,1635,480,45,96,284,113,4,0.102051412,0.328622446
Centennial-Scarborough,2006,223897,0.413410854,12325,-0.065695038,5.4,12450,1220,425,46,5,125,139,3,-0.007764149,0.291116004
Church-Yonge-Corridor,2006,420264,0.418765909,23535,0.202058721,1.4,24370,7185,1975,62,78,2492,3702,13,0.202980883,0.345839758
Clairlea-Birchmount,2006,228647,0.428481285,19510,-0.093170486,7.4,19855,2610,2510,130,13,817,272,13,0.044391448,0.326389587
Clanton-Park,2006,335547,0.451120731,13670,0.014497477,4.2,13735,1860,1305,50,41,344,549,5,-0.097057115,0.325799366
Cliffcrest,2006,234310,0.425798364,14375,-0.058748828,7.1,14530,1360,630,67,9,214,497,15,0.013719309,0.286035594
Corso-Italia-Davenport,2006,253212,0.41585775,14260,-0.065931964,1.9,14415,2320,715,49,56,415,46,7,-0.11683871,0.400060029
Danforth,2006,268875,0.45585727,9495,0.030700485,1.1,5450,850,465,24,55,413,715,5,0.025268317,0.364180381
Danforth-Village-East-York,2006,276812,0.461528308,16445,-0.007885432,2.2,16500,2500,815,66,32,156,287,10,0.041902475,0.378563791
Don-Valley-Village,2006,291089,0.411210604,26380,0.063368646,4.1,26640,4035,6960,45,50,367,156,12,-0.01213259,0.338913528
Dorset-Park,2006,215655,0.40050265,23730,0.07718161,6,24365,3715,3660,78,33,922,510,24,0.005459612,0.276362709
Dovercourt-Wallace-Emerson-Junction,2006,293349,0.443888249,34405,-0.214085646,3.7,34725,6855,2625,107,28,863,1085,15,-0.01642179,0.343611193
Downsview-Roding-CFB,2006,235346,0.414491952,31920,-0.006499533,14.9,32010,4595,2985,167,82,965,530,74,0.073538108,0.308464983
Dufferin-Grove,2006,308660,0.425859114,11715,-0.002449011,1.4,11805,2625,1055,34,8,350,358,6,-0.036246521,0.38886153
East-End-Danforth,2006,276256,0.463321097,19740,0.106238525,2.6,20100,2905,1100,68,41,523,859,17,0.114541233,0.402098054
East-York,2006,276045,0.344901171,9000,-0.00094356,2.3,9025,1185,410,60,3,127,78,4,-0.011374047,0.384296039
Edenbridge-Humber-Valley,2006,422248,0.387148489,14445,0.014440176,5.5,14450,1570,1400,47,10,162,0,24,0.032912088,0.365659518
Eglinton-East,2006,234745,0.408095447,22160,-0.032502811,3.2,22385,3035,2670,52,22,313,865,31,-0.023192461,0.265415664
Elms-Old-Rexdale,2006,183299,0.386098109,9420,-0.003764373,2.9,9440,1285,925,29,1,70,571,14,-0.001466807,0.240366832
Englemount-Lawrence,2006,317670,0.419620952,20330,0.188477128,3.6,21125,2760,1895,78,9,185,1702,6,0.065096343,0.333991249
Eringate-Centennial-West-Deane,2006,254796,0.437892563,18460,-0.06199533,8.6,18535,1790,785,71,9,244,104,12,-0.023764997,0.29966326
Etobicoke-West-Mall,2006,250753,0.414932936,10295,-0.019727047,1.7,10680,1275,1355,29,13,181,99,6,0.003224781,0.310161793
Flemingdon-Park,2006,197068,0.408584397,21270,-0.043352616,2.5,21290,3150,4890,51,9,220,717,36,0.039937112,0.290869142
Forest-Hill-North,2006,437316,0.470557971,12260,0.041638145,1.6,12295,1760,1610,30,14,154,469,5,-0.019639487,0.330285194
Forest-Hill-South,2006,723864,0.496508181,10495,-0.094026018,2.5,10840,1420,415,35,24,169,233,1,0.002091391,0.352258159
Glenfield-Jane-Heights,2006,192075,0.402908438,30680,0.024078737,5.2,30880,3990,3005,89,92,631,1615,27,0.008682408,0.236131719
Greenwood-Coxwell,2006,260682,0.463897032,14595,0.001938236,1.7,14700,2455,960,42,23,339,1115,10,-0.024613487,0.423842076
Guildwood,2006,243607,0.438856272,9770,0.036580007,3.8,10025,865,245,29,6,145,0,5,0.01702124,0.245280308
Henry-Farm,2006,297983,0.427053302,11285,-0.013349262,2.6,11290,1940,3705,35,76,737,0,13,0.032758652,0.310081448
High-Park-North,2006,379421,0.444208451,20490,0.036385991,1.9,20970,4795,2130,40,29,274,742,8,0.024000088,0.340563648
High-Park-Swansea,2006,361828,0.43221077,19455,0.001170247,5.3,19980,3255,665,91,90,465,393,4,0.064560064,0.346587329
Highland-Creek,2006,277894,0.404966784,12685,0.002841304,5.1,12845,1595,330,63,8,91,3,2,-0.04718066,0.369259502
Hillcrest-Village,2006,312813,0.407989378,18090,-0.004597325,5.3,18330,1835,2345,79,23,421,1028,0,-0.073221141,0.297350174
Humber-Heights,2006,296290,0.438175305,9945,0.015908449,2.8,10525,1060,840,56,4,81,555,8,0.006633261,0.288359378
Humber-Summit,2006,218513,0.375991789,12735,0.001401882,7.9,12770,1775,1795,96,14,1342,124,9,0.009297137,0.273892171
Humbermede,2006,193248,0.395574557,14745,-0.015628487,4.4,14780,2235,2345,51,18,360,218,20,0.108460738,0.283376801
Humewood-Cedarvale,2006,384211,0.53715143,13800,-0.060002328,1.9,13915,2810,1080,26,11,137,300,10,-0.049898479,0.366535576
Ionview,2006,190820,0.41762936,12990,0.018253732,2,13030,1945,2095,25,20,148,332,30,-0.010085531,0.274939734
Islington-City-Centre-West,2006,315540,0.497487103,32290,0.196391844,16.4,32815,4455,3555,229,121,2291,1245,21,0.378765261,0.363364391
Junction-Area,2006,288519,0.469179809,12965,0.014723518,2.6,13175,2535,920,77,9,561,60,14,-0.09971389,0.355141256
Keelesdale-Eglinton-West,2006,221163,0.476792714,11185,-0.063652544,1.7,11225,1655,490,33,11,275,446,9,0.071334322,0.309536405
Kennedy-Park,2006,191752,0.425803237,16915,-0.078492658,3.6,17035,2205,1910,63,15,259,1661,18,0.097659357,0.281003588
Kensington-Chinatown,2006,347943,0.43164032,16570,0.028439791,1.5,17090,3600,2245,44,83,1885,2920,3,0.080154709,0.479544063
Kingsview-Village-The-Westway,2006,242767,0.428276422,21385,-0.060160873,5.1,21395,2895,2890,52,23,160,367,31,-0.089196506,0.262869336
Kingsway-South,2006,500783,0.359910603,8660,0.047829674,2.6,8790,615,105,27,9,189,0,2,0.016314931,0.333709411
L-Amoreaux,2006,245715,0.393408226,45760,-0.342791771,7.1,45865,5935,7890,118,89,479,1542,22,-0.389992217,0.298805527
Lambton-Baby-Point,2006,412507,0.566222563,7780,-0.003742553,1.7,7780,1025,400,24,8,64,644,2,0.00560212,0.24258255
Lansing-Westgate,2006,421466,0.549262433,14335,0.374823468,5.4,14440,2675,1885,42,33,476,0,4,0.01633113,0.272202265
Lawrence-Park-North,2006,525194,0.511915249,13690,-0.241200029,2.3,13750,1645,220,37,55,374,110,1,0.041903047,0.296410469
Lawrence-Park-South,2006,600943,0.308428735,14815,0.02594029,3.2,14820,1600,370,45,8,162,113,4,-0.043927288,0.265387899
Leaside,2006,435438,0.49261641,15925,0.020999149,4.8,15980,1385,400,59,10,345,89,5,0.017010885,0.369836808
Little-Portugal,2006,351690,0.492678579,11710,-0.11895279,1.2,12120,2530,735,35,15,340,465,4,-0.016172885,0.339873184
Long-Branch,2006,269221,0.461854651,9595,0.037353299,2.3,9625,1290,710,20,4,168,106,8,-0.008734253,0.322846286
Malvern,2006,178674,0.368708921,44230,0.35181567,8.9,44315,6290,5000,181,73,665,927,38,0.082695356,0.257496894
Maple-Leaf,2006,256156,0.427386909,9940,-0.003749263,2.5,10270,1455,1105,19,4,50,175,1,-0.003956565,0.298365059
Markland-Wood,2006,309176,0.459141343,10135,0.014635145,2.9,10240,785,550,27,11,105,0,5,0.023160351,0.29770422
Milliken,2006,235956,0.380247087,26045,-0.068268754,9.4,26265,3550,3405,158,124,1871,247,1,0.004999352,0.311303802
Mimico,2006,345141,0.440344039,24800,0.061012251,6.9,24965,4265,1910,109,25,635,547,31,0.035243306,0.299999131
Morningside,2006,194744,0.399425122,16920,-0.063418865,5.6,28810,4790,2060,31,30,100,460,27,-0.023943714,0.269836298
Moss-Park,2006,352533,0.353194969,8350,0.218329135,1.4,15480,3640,1255,68,17,878,2874,12,0.333202451,0.376588858
Mount-Dennis,2006,198129,0.385226875,12620,-1.102189044,2.1,12840,1780,1435,42,7,172,864,33,-0.614621054,0.272655694
Mount-Olive-Silverstone-Jamestown,2006,188629,0.38605051,32060,-0.101349654,4.6,32130,5265,7125,67,39,273,1138,62,0.004123156,0.24104459
Mount-Pleasant-East,2006,466002,0.429682035,15200,0.021595412,3.1,15215,2420,630,52,43,470,333,5,0.014271716,0.386438256
Mount-Pleasant-West,2006,458199,0.473517154,23365,0.050657895,1.3,23735,7145,2795,42,123,1104,1443,19,0.215880591,0.403756883
New-Toronto,2006,243323,0.440428832,10405,-0.041730455,3.5,10655,1480,600,40,15,342,1189,23,-0.064320811,0.320647863
Newtonbrook-East,2006,397764,0.401930031,15130,0.097452536,4.1,15565,2325,2255,71,46,397,300,1,0.037925138,0.314208928
Newtonbrook-West,2006,314856,0.397484266,20300,-0.017303486,4.7,20485,2675,3780,88,58,507,81,7,0.093596286,0.364769927
Niagara,2006,369217,0.510188806,14180,0.155643902,3.1,14575,5285,795,63,9,590,1226,13,0.205416563,0.336866937
North-Riverdale,2006,417473,0.445688798,11275,-0.262514669,1.8,12430,1960,450,35,31,323,94,4,-0.216823655,0.374955985
North-St-James-Town,2006,463653,0.487545317,16840,-0.08711685,0.4,17110,3530,3685,15,76,246,1715,29,-0.020987174,0.258952277
O-Connor-Parkview,2006,253034,0.488321481,17730,0.033029558,4.9,17745,2180,1930,84,17,361,694,28,-0.021298338,0.279828007
Oakridge,2006,257922,0.311692341,13335,0.022615592,1.8,13370,1945,2930,46,6,192,1464,20,-0.020232998,0.291208195
Oakwood-Vaughan,2006,261168,0.415460325,21395,-0.072947816,2.2,21440,3315,1745,47,8,252,689,13,-0.032511796,0.371224652
Palmerston-Little-Italy,2006,399532,0.517569349,13680,0.003631494,1.4,13775,3670,515,41,65,560,157,3,0.015927612,0.469058799
Parkwoods-Donalda,2006,282735,0.40856192,33710,0.02099169,7.5,33835,4510,5685,93,27,199,785,59,0.062134503,0.314432242
Playter-Estates-Danforth,2006,470625,0.468239236,7535,0.009908825,0.9,7685,1345,335,17,30,291,193,4,-0.006510288,0.345757238
Pleasant-View,2006,271854,0.398159815,16585,-0.028446485,3,16615,2240,2925,31,15,131,0,5,-0.049061712,0.316651585
Princess-Rosethorn,2006,420390,0.437909167,10950,0.02052927,5.2,10965,710,500,62,4,77,0,3,0.030904873,0.330414615
Regent-Park,2006,385213,0.631339118,10285,-0.08647772,0.6,10385,1310,1535,21,1,144,2990,4,-0.10421786,0.355694122
Rexdale-Kipling,2006,187763,0.364328637,10440,0.082304915,2.5,10725,1305,860,36,6,155,432,25,0.076716949,0.303174747
Rockcliffe-Smythe,2006,213040,0.424387896,22375,-0.100914173,5.1,22380,2810,1530,104,11,285,1250,17,0.045099685,0.29692546
Roncesvalles,2006,375361,0.481625774,14485,-0.029927626,1.5,14650,2880,1100,35,59,570,501,1,0.021239493,0.405177949
Rosedale-Moore-Park,2006,697122,0.454938202,20015,0.195558631,4.6,20605,2720,855,72,38,674,287,4,-0.026599518,0.339306463
Rouge,2006,241556.5,0.371832767,42740,0.615942161,37.6,43180,5900,2560,188,16,832,336,26,0.12470569,0.311141265
Runnymede-Bloor-West-Village,2006,347542,0.462411109,9540,-0.120063002,1.6,9565,1310,245,42,20,332,6,4,-0.012019762,0.369699202
Rustic,2006,256628,0.444424432,9715,0.023453678,2.1,10040,1235,745,24,2,48,1295,20,0.009188652,0.26232913
Scarborough-Village,2006,227484,0.382906679,15320,-0.152897909,3.1,15585,1905,2295,29,25,220,922,30,0.070175429,0.320106029
South-Parkdale,2006,313958,0.503392663,19665,0.000658943,2.3,21005,4340,3735,44,17,506,1545,41,-0.07520612,0.45213054
South-Riverdale,2006,303953,0.506522666,23585,-0.009409048,9.6,24430,4210,1960,121,32,1284,1219,9,0.05897959,0.424072143
St-Andrew-Windfields,2006,496271,0.465292131,17520,0.077710049,7.3,17555,1790,1860,113,28,630,0,5,-0.020600378,0.389597619
Steeles,2006,253029,0.399821861,24380,0.001224359,4.6,24705,3140,3790,87,10,257,0,7,-0.011172411,0.319615538
Stonegate-Queensway,2006,347711,0.484193857,23665,-0.012143052,7.9,23815,2805,1745,110,65,605,129,15,0.023050743,0.31883662
Tam-O-Shanter-Sullivan,2006,244631,0.402186124,26790,0.031356377,5.5,27240,3540,5290,73,52,343,985,13,-0.030992058,0.286055324
The-Beaches,2006,391959,0.460397478,20285,-0.001857545,3.6,20420,2905,575,60,21,537,237,11,0.017795978,0.371069423
Thistletown-Beaumonde-Heights,2006,248363,0.401984747,9740,-0.027910831,3.4,9925,1300,950,45,10,236,447,14,-0.003080388,0.263404774
Thorncliffe-Park,2006,227881,0.447295383,17695,0.18894355,3.1,17945,3005,5575,60,14,403,551,14,0.095677299,0.274279119
Trinity-Bellwoods,2006,392223,0.421648973,16270,-0.13114098,1.7,16605,3595,1075,40,39,684,878,5,-0.055558805,0.381405476
University,2006,488620,0.487771905,5370,-0.037036964,1.4,5905,1395,0,39,61,481,359,3,0.06952057,0.362160779
Victoria-Village,2006,246235,0.43004408,16725,0.471837393,4.7,17050,2485,2090,72,8,398,891,22,-0.558042956,0.315450687
Waterfront-Communities,2006,374647.5,0.427332728,25875,0.450764532,7.6,26025,8760,1640,111,28,2895,3303,23,1.012226779,0.392125102
West-Hill,2006,185023,0.402061153,25290,-0.44252684,9.6,25635,2940,1850,76,28,439,2089,30,-0.368816565,0.244829021
West-Humber-Clairville,2006,201075,0.385529716,31290,0.020491583,30.09,32265,4865,3825,326,94,2550,960,38,0.031982845,0.29202039
Westminster-Branson,2006,291578,0.397745031,24395,0.005479076,3.7,24395,2960,5855,36,4,80,710,17,-0.018465941,0.278614985
Weston,2006,214210,0.454815881,16200,-0.044415826,2.6,16470,2395,1615,70,48,505,1146,71,0.041881405,0.24884926
Weston-Pellam-Park,2006,216552,0.459727268,12050,0.072361569,1.5,12095,1900,635,25,5,185,695,14,-0.074089584,0.339410396
Wexford-Maryvale,2006,252692,0.325569562,26410,-0.138058618,10.2,26655,3200,2130,161,63,961,579,34,0.035476746,0.27859212
Willowdale-East,2006,446013,0.414046846,41025,0.561671585,5,41060,9210,6425,66,63,816,208,7,0.128999304,0.371980189
Willowdale-West,2006,386298,0.393853015,12445,-0.117954992,2.9,12520,1695,1195,32,32,326,527,2,0.029722142,0.319411439
Willowridge-Martingrove-Richview,2006,272461,0.311642797,20865,-0.222542004,5.5,20920,2225,2020,81,30,182,675,24,-0.245047212,0.270967221
Woburn,2006,206483,0.389166969,52190,0.15267499,12.2,40845,5450,9140,138,90,1020,2594,42,-0.027682906,0.283660156
Woodbine-Corridor,2006,282930,0.416009369,11470,-0.016374245,1.6,11550,1775,515,33,7,143,741,9,0.000467561,0.381896582
Woodbine-Lumsden,2006,245350,0.493905038,8020,-0.023494819,1.2,8050,1185,345,33,1,57,203,8,-0.03069286,0.364715712
Wychwood,2006,351531,0.457781962,13395,0.049829131,1.7,14200,2250,585,51,34,400,1142,10,-0.032146971,0.340311381
Yonge-Eglinton,2006,482981,0.429242324,10475,0.049508212,1.6,10500,2350,385,43,58,645,149,8,0.043959719,0.358655931
Yonge-St-Clair,2006,660903,0.481925036,11155,0.030299208,1.2,11230,2460,635,23,52,511,0,7,0.026939593,0.339178367
York-University-Heights,2006,227400,0.420388889,25890,-0.137597372,13.2,26140,4745,4135,219,61,2659,511,55,0.044635766,0.31176781
Yorkdale-Glen-Park,2006,264790,0.440023059,14175,0.029778194,5.9,14825,1775,1040,137,43,1522,782,5,-0.040817582,0.340088372
Agincourt-North,2011,301801,0.285052479,29930,-0.00050057,7.3,30280,3830,2935,94,20,353,77,6,-0.000911549,0.533881597
Agincourt-South-Malvern-West,2011,321319,0.307455678,21800,0.013172078,7.9,21990,2775,2330,125,75,1378,172,12,0.085998837,0.539924499
Alderwood,2011,338277,0.338412234,11860,-0.000418146,5,11900,1515,370,60,13,309,84,2,-0.03146746,0.47248261
Annex,2011,813507,0.37270641,27430,0.076460366,2.8,29180,7185,1345,120,198,2328,779,6,0.067898691,0.435877012
Banbury-Don-Mills,2011,562066,0.369329643,26525,0.006207542,10,26910,2920,2055,128,65,834,304,13,-0.024444078,0.527096462
Bathurst-Manor,2011,403200,0.307617716,15080,-0.008679736,4.8,15435,2120,1690,69,41,244,385,6,0.008438432,0.507204861
Bay-Street-Corridor,2011,887351,0.576013925,18530,0.194129806,1.8,19345,6455,2235,126,187,4324,521,6,0.415200898,0.380771532
Bayview-Village,2011,553401,0.379969777,17290,-0.089356555,5.2,17675,3090,2010,43,128,460,122,4,-0.107656768,0.61756484
Bayview-Woods-Steeles,2011,486565,0.281351388,13175,-0.086017186,4.1,13535,1250,980,37,10,93,170,2,-0.162994769,0.46008858
Bedford-Park-Nortown,2011,670860,0.303086103,22940,0.058287324,5.5,23185,2145,1335,75,50,676,236,5,0.084257969,0.463291894
Beechborough-Greenbrook,2011,321441,0.291083263,6450,-0.007103482,1.8,6490,1030,520,35,7,128,537,10,-0.005530013,0.54880989
Bendale,2011,283524,0.305010633,27115,0.254831383,7.4,27870,3870,2815,118,84,853,508,19,0.363627956,0.463579803
Birchcliffe-Cliffside,2011,385985,0.340295502,21295,-0.068270375,6,21860,2295,500,104,23,345,870,16,-0.039869742,0.412430535
Black-Creek,2011,218144,0.219383221,21925,0.01163448,3.4,22060,3035,2700,94,36,306,1432,27,-0.036038997,0.495750513
Blake-Jones,2011,418244,0.393779638,7705,-0.005187215,0.9,7765,1215,370,11,12,133,658,4,0.005187215,0.480965656
Briar-Hill-Belgravia,2011,327210,0.332429329,14300,0.009483571,1.8,14295,2255,1580,45,30,477,328,9,-0.007531717,0.518834999
Bridle-Path-Sunnybrook-York-Mills,2011,960839,0.266262871,8645,0.068957012,8.8,8715,585,355,66,8,58,0,0,0.042057854,0.521877234
Broadview-North,2011,420396,0.320231388,11440,-0.170770677,1.7,11565,1945,1035,44,10,129,238,9,-0.089775337,0.543639806
Brookhaven-Amesbury,2011,282277,0.323330583,17505,0.009241447,3.5,17785,2615,1550,57,45,466,589,36,0.032066841,0.500100965
Caledonia-Fairbank,2011,350116,0.33565788,9870,-0.029386343,1.5,9855,1550,855,37,1,92,16,4,-0.003951898,0.545133613
Casa-Loma,2011,907768,0.328622446,10410,0.102051412,1.9,10485,1890,475,45,77,258,101,4,0.033583406,0.444176265
Centennial-Scarborough,2011,289077,0.291116004,13065,-0.007764149,5.4,13100,1235,380,44,5,126,139,1,-0.018140121,0.484369217
Church-Yonge-Corridor,2011,565608,0.345839758,27600,0.202980883,1.4,28345,8795,2115,64,89,2443,3653,19,0.159974404,0.484961316
Clairlea-Birchmount,2011,303275,0.326389587,24105,0.044391448,7.4,24775,3560,2110,129,12,831,273,9,-0.00581225,0.456513066
Clanton-Park,2011,444868,0.325799366,14550,-0.097057115,4.2,14610,2005,1465,57,48,357,549,6,0.020725391,0.485227079
Cliffcrest,2011,301331,0.286035594,15500,0.013719309,7.1,15700,1485,635,69,8,200,497,10,-0.10274642,0.48436437
Corso-Italia-Davenport,2011,354512,0.400060029,13565,-0.11683871,1.9,13735,2340,655,73,52,420,93,5,0.015696033,0.458007063
Danforth,2011,366794,0.364180381,9375,0.025268317,1.1,9450,1420,165,53,53,414,715,2,-0.009653777,0.463450874
Danforth-Village-East-York,2011,381603,0.378563791,16630,0.041902475,2.2,16710,2450,425,53,33,167,287,8,0.006227132,0.540483172
Don-Valley-Village,2011,389743,0.338913528,26475,-0.01213259,4.1,26735,3740,4370,57,58,373,156,16,-0.021744794,0.529174353
Dorset-Park,2011,275254,0.276362709,23960,0.005459612,6,24360,3440,2445,93,31,969,510,13,0.004018396,0.52211412
Dovercourt-Wallace-Emerson-Junction,2011,394147,0.343611193,34345,-0.01642179,3.7,34635,7265,1695,137,27,890,1375,16,0.054674286,0.488903886
Downsview-Roding-CFB,2011,307942,0.308464983,34390,0.073538108,14.9,34650,5145,3600,166,88,985,527,36,-0.038383002,0.458008326
Dufferin-Grove,2011,428686,0.38886153,11375,-0.036246521,1.4,11450,2810,780,42,8,375,41,4,0.004429174,0.600269195
East-End-Danforth,2011,387338,0.402098054,20470,0.114541233,2.6,20840,2910,1075,89,46,516,1000,14,-0.005367442,0.438418126
East-York,2011,382128,0.384296039,9100,-0.011374047,2.3,9115,1100,220,74,3,134,78,4,-0.005952338,0.494148558
Edenbridge-Humber-Valley,2011,576647,0.365659518,14905,0.032912088,5.5,14945,1660,750,63,10,153,0,10,0.011029855,0.389269345
Eglinton-East,2011,297050,0.265415664,22520,-0.023192461,3.2,22830,2935,2705,61,19,296,865,33,-0.046604915,0.480710318
Elms-Old-Rexdale,2011,227358,0.240366832,9540,-0.001466807,2.9,9550,1165,540,29,1,67,463,14,0.001095655,0.476948249
Englemount-Lawrence,2011,423769,0.333991249,21210,0.065096343,3.6,22080,2785,2630,90,8,175,1688,9,0.092602576,0.498287982
Eringate-Centennial-West-Deane,2011,331149,0.29966326,18755,-0.023764997,8.6,18805,1795,615,85,10,229,104,3,-0.038010993,0.417739447
Etobicoke-West-Mall,2011,328527,0.310161793,10520,0.003224781,1.7,10925,1275,885,27,10,146,99,12,0.058143386,0.432211051
Flemingdon-Park,2011,254389,0.290869142,22155,0.039937112,2.5,22165,3290,3050,48,8,185,717,16,-0.195391123,0.457405784
Forest-Hill-North,2011,581755,0.330285194,12335,-0.019639487,1.6,12475,1770,1365,53,12,144,325,10,0.021419301,0.381184519
Forest-Hill-South,2011,978851,0.352258159,10585,0.002091391,2.5,10925,1475,320,28,25,175,233,3,-0.019990683,0.388265425
Glenfield-Jane-Heights,2011,237430,0.236131719,31035,0.008682408,5.2,31395,3915,2755,88,93,587,1587,30,-0.085064473,0.469561555
Greenwood-Coxwell,2011,371170,0.423842076,14000,-0.024613487,1.7,14075,2275,540,44,23,315,919,7,0.024574766,0.515661287
Guildwood,2011,303359,0.245280308,9610,0.01702124,3.8,9815,790,235,29,7,67,0,3,-0.015124224,0.500037909
Henry-Farm,2011,390382,0.310081448,11415,0.032758652,2.6,11340,2005,2550,27,77,717,0,8,0.440154093,0.514421771
High-Park-North,2011,508638,0.340563648,21000,0.024000088,1.9,21300,4630,1500,61,27,254,661,7,-0.450760373,0.457203355
High-Park-Swansea,2011,487233,0.346587329,21295,0.064560064,5.3,21750,3550,620,77,87,448,473,2,0.056071538,0.449651399
Highland-Creek,2011,380509,0.369259502,12880,-0.04718066,5.1,13100,1730,395,70,8,91,3,2,-0.070789707,0.47818317
Hillcrest-Village,2011,405828,0.297350174,17425,-0.073221141,5.3,17650,1700,1350,80,19,424,1028,0,0.003983785,0.53757996
Humber-Heights,2011,381728,0.288359378,9695,0.006633261,2.8,10580,1080,405,58,4,82,669,3,0.041428734,0.494886411
Humber-Summit,2011,278362,0.273892171,12505,0.009297137,7.9,12530,1555,1050,103,14,1373,124,7,-0.062949367,0.426825501
Humbermede,2011,248010,0.283376801,15835,0.108460738,4.4,15850,2265,1890,46,16,374,218,16,-0.014480429,0.446465868
Humewood-Cedarvale,2011,525038,0.366535576,14030,-0.049898479,1.9,14110,2750,835,29,10,139,445,8,0.029340431,0.467834709
Ionview,2011,243284,0.274939734,13065,-0.010085531,2,13095,1925,1555,22,15,148,332,12,0.025532238,0.515504513
Islington-City-Centre-West,2011,430196,0.363364391,37425,0.378765261,16.4,38070,6020,3305,245,128,2263,1245,16,0.312617221,0.419020632
Junction-Area,2011,390984,0.355141256,11295,-0.09971389,2.6,14015,2665,635,93,9,631,59,11,0.023933813,0.479167945
Keelesdale-Eglinton-West,2011,289621,0.309536405,10550,0.071334322,1.7,10640,1485,965,24,13,266,349,4,-0.149950702,0.469520511
Kennedy-Park,2011,245635,0.281003588,16985,0.097659357,3.6,17050,2165,1355,73,17,261,1661,14,-0.061039563,0.485798034
Kensington-Chinatown,2011,514797,0.479544063,18000,0.080154709,1.5,18500,4380,1215,49,82,1883,2597,5,-0.038998377,0.45372642
Kingsview-Village-The-Westway,2011,306583,0.262869336,21625,-0.089196506,5.1,21725,2670,1885,70,24,160,367,55,0.058135603,0.432753936
Kingsway-South,2011,667899,0.333709411,9110,0.016314931,2.6,9175,645,120,33,9,195,0,0,-0.004169106,0.403206173
L-Amoreaux,2011,319136,0.298805527,44585,-0.389992217,7.1,44915,5455,4355,138,88,443,1552,12,-0.151433408,0.542229645
Lambton-Baby-Point,2011,512574,0.24258255,7830,0.00560212,1.7,7920,940,235,28,7,66,644,0,0.007870855,0.42357006
Lansing-Westgate,2011,536190,0.272202265,14555,0.01633113,5.4,14640,2475,1765,44,37,488,0,3,0.153655211,0.533184132
Lawrence-Park-North,2011,680867,0.296410469,14510,0.041903047,2.3,14540,1345,395,55,54,381,110,0,-0.090619362,0.474155746
Lawrence-Park-South,2011,760426,0.265387899,15065,-0.043927288,3.2,15075,1505,490,39,7,167,113,1,0.000568792,0.525376565
Leaside,2011,596479,0.369836808,16450,0.017010885,4.8,17010,1230,380,62,10,313,89,5,0.008263464,0.455117448
Little-Portugal,2011,471220,0.339873184,11830,-0.016172885,1.2,12055,2855,210,22,18,344,386,6,0.185870601,0.490456687
Long-Branch,2011,356138,0.322846286,9590,-0.008734253,2.3,9630,1290,500,21,4,170,106,20,-0.142102233,0.518141844
Malvern,2011,224682,0.257496894,45000,0.082695356,8.9,45085,6315,3455,180,84,625,927,32,-0.34365467,0.505741448
Maple-Leaf,2011,332584,0.298365059,9935,-0.003956565,2.5,10195,1305,930,26,4,47,175,5,0.004604904,0.457273952
Markland-Wood,2011,401219,0.29770422,10360,0.023160351,2.9,10435,875,310,29,14,106,0,4,0.016015658,0.398012058
Milliken,2011,309410,0.311303802,26675,0.004999352,9.4,27160,3555,2740,160,137,2090,247,1,-0.078875882,0.532891632
Mimico,2011,448683,0.299999131,26340,0.035243306,6.9,26550,4660,1570,126,22,619,947,36,0.290080631,0.440464649
Morningside,2011,247293,0.269836298,17340,-0.023943714,5.6,17585,2285,1240,35,32,108,460,13,-0.143226526,0.51236792
Moss-Park,2011,485293,0.376588858,14335,0.333202451,1.4,16310,3965,1075,71,19,841,3133,14,0.249078387,0.500510001
Mount-Dennis,2011,252150,0.272655694,12855,-0.614621054,2.1,13150,1935,1170,59,6,184,864,21,-0.178251721,0.481173904
Mount-Olive-Silverstone-Jamestown,2011,234097,0.24104459,32710,0.004123156,4.6,32790,4690,5845,70,44,271,1146,41,-0.069045004,0.490053269
Mount-Pleasant-East,2011,646083,0.386438256,15975,0.014271716,3.1,15980,2290,585,58,47,463,333,5,0.022203686,0.430421478
Mount-Pleasant-West,2011,643200,0.403756883,28005,0.215880591,1.3,28590,8880,2765,45,135,1129,1443,11,-0.02751465,0.431626244
New-Toronto,2011,321344,0.320647863,10670,-0.064320811,3.5,10905,1565,475,41,14,368,1189,18,0.009383883,0.469935645
Newtonbrook-East,2011,522745,0.314208928,15920,0.037925138,4.1,16425,2775,1920,96,50,400,300,1,-0.116480152,0.517217764
Newtonbrook-West,2011,429706,0.364769927,22850,0.093596286,4.7,23050,3550,4200,95,55,483,261,1,0.086269645,0.523562622
Niagara,2011,493594,0.336866937,20655,0.205416563,3.1,21000,8625,900,64,15,591,2052,10,0.38446584,0.560442388
North-Riverdale,2011,574007,0.374955985,11945,-0.216823655,1.8,12195,1700,260,43,31,327,163,4,-0.194667702,0.430756071
North-St-James-Town,2011,583717,0.258952277,17590,-0.020987174,0.4,17825,4285,3315,19,74,243,1715,35,0.099335138,0.496408362
O-Connor-Parkview,2011,323840,0.279828007,18145,-0.021298338,4.9,18315,2240,1300,95,18,346,693,21,-0.023926746,0.521220356
Oakridge,2011,333031,0.291208195,13280,-0.020232998,1.8,13505,1990,2575,56,7,201,1464,9,0.003523344,0.473430401
Oakwood-Vaughan,2011,358120,0.371224652,20875,-0.032511796,2.2,21075,3130,1650,40,9,255,966,9,-0.030935069,0.55957221
Palmerston-Little-Italy,2011,586936,0.469058799,13680,0.015927612,1.4,13735,3915,430,40,57,521,262,1,0.000764148,0.427475909
Parkwoods-Donalda,2011,371636,0.314432242,34560,0.062134503,7.5,34620,4580,3905,109,32,209,786,63,-0.001415753,0.554790171
Playter-Estates-Danforth,2011,633347,0.345757238,7500,-0.006510288,0.9,7655,1230,175,41,37,301,192,2,0.002968835,0.420156723
Pleasant-View,2011,357937,0.316651585,16140,-0.049061712,3,16145,1945,1615,43,11,124,0,9,-0.082628272,0.546970556
Princess-Rosethorn,2011,559293,0.330414615,11155,0.030904873,5.2,11200,800,500,61,6,74,0,4,0.007468451,0.411828863
Regent-Park,2011,522231,0.355694122,9315,-0.10421786,0.6,10010,1675,840,20,1,143,2591,4,0.131449133,0.439361126
Rexdale-Kipling,2011,244688,0.303174747,10170,0.076716949,2.5,10485,1245,800,40,6,144,432,19,-0.121295636,0.449212875
Rockcliffe-Smythe,2011,276297,0.29692546,22255,0.045099685,5.1,22270,3015,1090,104,12,314,1252,17,-0.042063397,0.471626547
Roncesvalles,2011,527449,0.405177949,14880,0.021239493,1.5,15050,2830,1100,41,61,540,501,6,0.000376536,0.512413522
Rosedale-Moore-Park,2011,933660,0.339306463,20165,-0.026599518,4.6,20635,2555,750,91,40,683,573,9,0.030707622,0.416242529
Rouge,2011,316913,0.311141265,45575,0.12470569,37.6,45905,6130,2355,199,25,877,522,23,-0.025808725,0.513871595
Runnymede-Bloor-West-Village,2011,476028,0.369699202,9625,-0.012019762,1.6,9635,1200,205,55,24,334,6,1,0.007328977,0.435505895
Rustic,2011,323949,0.26232913,9890,0.009188652,2.1,9950,1205,425,30,2,48,1435,9,-0.05882904,0.457837499
Scarborough-Village,2011,300303,0.320106029,16290,0.070175429,3.1,16615,2075,1870,29,24,228,922,22,0.039035545,0.465849492
South-Parkdale,2011,455908,0.45213054,19685,-0.07520612,2.3,21245,4795,2965,40,14,564,1545,21,0.047368521,0.497258219
South-Riverdale,2011,432851,0.424072143,24770,0.05897959,9.6,25640,4645,1165,109,36,1197,1313,7,0.051441716,0.486962026
St-Andrew-Windfields,2011,689617,0.389597619,17890,-0.020600378,7.3,17955,1740,1585,151,34,591,0,3,-0.068583408,0.537721663
Steeles,2011,333901,0.319615538,24695,-0.011172411,4.6,25010,3185,2745,80,9,237,0,0,-0.007254217,0.502729851
Stonegate-Queensway,2011,458574,0.31883662,24540,0.023050743,7.9,24690,2845,1465,106,66,595,129,12,0.031822516,0.386755464
Tam-O-Shanter-Sullivan,2011,314609,0.286055324,27020,-0.030992058,5.5,27390,3270,3075,55,59,343,985,10,-0.01508119,0.499953911
The-Beaches,2011,537403,0.371069423,20940,0.017795978,3.6,21135,2580,505,44,24,531,193,17,0.018211254,0.419355679
Thistletown-Beaumonde-Heights,2011,313783,0.263404774,9990,-0.003080388,3.4,10140,1275,1070,45,14,217,447,7,-0.00482923,0.467839239
Thorncliffe-Park,2011,290384,0.274279119,19105,0.095677299,3.1,19225,3105,4165,62,18,449,551,11,0.145859193,0.432423963
Trinity-Bellwoods,2011,541819,0.381405476,16505,-0.055558805,1.7,16805,4075,860,41,34,715,42,1,-0.085359107,0.525917327
University,2011,665579,0.362160779,6595,0.06952057,1.4,7790,1945,370,45,59,483,359,1,0.012134437,0.33099001
Victoria-Village,2011,323910,0.315450687,16860,-0.558042956,4.7,17180,2380,1605,73,9,431,891,15,0.015374104,0.473242567
Waterfront-Communities,2011,521521,0.392125102,43150,1.012226779,7.6,43365,17275,3190,90,40,2899,3990,15,1.26053668,0.443620867
West-Hill,2011,230322,0.244829021,26260,-0.368816565,9.6,26550,3060,2080,80,33,424,2089,22,-0.197831882,0.523467146
West-Humber-Clairville,2011,259793,0.29202039,33330,0.031982845,30.09,34100,5115,2740,338,101,2463,952,38,-0.049234479,0.442321387
Westminster-Branson,2011,372816,0.278614985,25370,-0.018465941,3.7,25445,3480,4835,36,5,83,530,15,0.03158654,0.465814235
Weston,2011,267516,0.24884926,17910,0.041881405,2.6,18170,2825,1080,75,49,536,1048,32,-0.027585974,0.437865399
Weston-Pellam-Park,2011,290052,0.339410396,11995,-0.074089584,1.5,12015,1920,610,32,6,178,695,6,-0.042369751,0.499465613
Wexford-Maryvale,2011,323090,0.27859212,26715,0.035476746,10.2,27020,3190,1745,182,64,945,578,37,0.255922505,0.529060014
Willowdale-East,2011,611921,0.371980189,44945,0.128999304,5,45025,9835,6650,61,64,849,208,3,0.141568271,0.518869266
Willowdale-West,2011,509686,0.319411439,14970,0.029722142,2.9,15005,2655,1525,25,31,363,527,1,-0.000237936,0.584777687
Willowridge-Martingrove-Richview,2011,346289,0.270967221,21430,-0.245047212,5.5,21345,2340,1235,81,31,169,561,24,-0.10776291,0.379264141
Woburn,2011,265054,0.283660156,53010,-0.027682906,12.2,53350,7660,6030,139,93,1073,2660,26,-0.079100312,0.470836132
Woodbine-Corridor,2011,390980,0.381896582,11675,0.000467561,1.6,11705,1670,255,35,11,146,841,7,0.014126168,0.423947516
Woodbine-Lumsden,2011,334833,0.364715712,7805,-0.03069286,1.2,7825,1110,155,39,1,56,201,5,-0.036731739,0.564125997
Wychwood,2011,471161,0.340311381,12785,-0.032146971,1.7,13985,2095,590,62,35,379,1154,4,0.042202247,0.533528879
Yonge-Eglinton,2011,656205,0.358655931,10560,0.043959719,1.6,10580,2135,435,67,62,690,149,4,0.069028278,0.428303655
Yonge-St-Clair,2011,885067,0.339178367,11530,0.026939593,1.2,11655,2480,610,28,56,468,0,4,-0.043571435,0.40959498
York-University-Heights,2011,298296,0.31176781,27275,0.044635766,13.2,27715,4935,3160,235,67,2643,511,43,-0.138093336,0.447619143
Yorkdale-Glen-Park,2011,354842,0.340088372,13820,-0.040817582,5.9,14685,1785,825,155,46,1468,798,6,0.002106279,0.457809391